<?xml version="1.0" encoding="UTF-8"?>
<project-private xmlns="http://www.netbeans.org/ns/project-private/1">
    <editor-bookmarks xmlns="http://www.netbeans.org/ns/editor-bookmarks/2" lastBookmarkId="1">
        <file>
            <url>src/coe528/S2020/project/CustomerTicket.java</url>
            <bookmark id="1">
                <name/>
                <line>96</line>
                <key/>
            </bookmark>
        </file>
    </editor-bookmarks>
    <open-files xmlns="http://www.netbeans.org/ns/projectui-open-files/2">
        <group>
            <file>file:/F:/COE%20528/coe528/coe528/S2020/project/Project/src/coe528/S2020/project/Project.java</file>
            <file>file:/F:/COE%20528/coe528/coe528/S2020/project/Project/src/coe528/S2020/project/CustomerTicket.java</file>
            <file>file:/F:/COE%20528/coe528/coe528/S2020/project/Project/src/coe528/S2020/project/CustomerPayment.java</file>
            <file>file:/F:/COE%20528/coe528/coe528/S2020/project/Project/src/coe528/S2020/project/Receipt.java</file>
            <file>file:/F:/COE%20528/coe528/coe528/S2020/project/Project/src/coe528/S2020/project/ManagerFiles.java</file>
            <file>file:/F:/COE%20528/coe528/coe528/S2020/project/Project/src/coe528/S2020/project/CustomerEntry.java</file>
            <file>file:/F:/COE%20528/coe528/coe528/S2020/project/Project/src/coe528/S2020/project/TicketFiles.java</file>
            <file>file:/F:/COE%20528/coe528/coe528/S2020/project/Project/src/coe528/S2020/project/CustomerFiles.java</file>
            <file>file:/F:/COE%20528/coe528/coe528/S2020/project/Project/src/coe528/S2020/project/ManagerView.java</file>
        </group>
    </open-files>
</project-private>
